1, Worthington, Parrot
2, Mira, Jaggard
3, Evvie, Ariss
4, Carling, Cranidge
5, Jock, Beardmore
6, Saxe, Dibbert
7, Zenia, Kift
8, Alleen, Sackes
9, Skelly, Kwietak
10, Andreana, Bread
11, Henri, Laurant
12, Fidel, Maleby
13, Shellysheldon, Battson
14, Aylmer, Nornable
15, Corilla, Aldington
16, Querida, Leake
17, Far, Dake
18, Loise, Sleeford
19, Terri, Lusk
20, Nicholas, Mattiassi
21, Cyndi, Mace
22, Nady, Boig
23, Pepi, Lydall
24, Rozalie, Whiston
25, Kirby, MacLaughlin
26, Jake, Thireau
27, Bendicty, Borges
28, Ragnar, Arpin
29, Melesa, Faulder
30, Benjy, McKinnon
31, Adoree, Greenlees
32, Lorry, Leuren
33, Johnette, Champneys
34, Noami, Nesbitt
35, Cara, Ganiclef
36, Ryann, Mattityahou
37, Jeramie, Kenchington
38, Rowney, Hembery
39, Emery, Utterson
40, Rogers, Duffyn
41, Tori, Gilliat
42, Colan, Hadley
43, Vincenz, Toffaloni
44, Tybie, Coade
45, Kennith, Durker
46, Read, Fairfull
47, Frasier, Local
48, Lea, Kinlock
49, Livvyy, Curgenven
50, Catlee, Jeffcoat
51, Leelah, Heady
52, Ailey, Dinsell
53, Codi, MacCurtain
54, Abel, Lowery
55, Brian, Smolan
56, Ramonda, Nollet
57, Allyce, Izakov
58, Justinian, Feldbau
59, Rawley, Schollar
60, Carolin, Grey
61, Carolee, Carrivick
62, Therese, Dunwoody
63, Mead, Bruggeman
64, Justin, Longmate
65, Ambrose, Drinkel
66, Royal, Copas
67, Rita, Bitterton
68, Vinni, Graffin
69, Harlan, Cowterd
70, Ferd, Sawrey
71, Dall, Wakeley
72, Barb, Aspel
73, Moria, Veivers
74, Kellen, Cleave
75, Kitti, Pomfrett
76, Gustavus, Bredee
77, Sandro, Cranna
78, Dene, Cobley
79, Ralina, Mathiassen
80, Leonard, Sigsworth
81, Geri, Kenningley
82, Tilly, Gormley
83, Linoel, Renon
84, Silvio, Dillway
85, Burton, Lefort
86, Wenonah, L'oiseau
87, Maynard, Eastop
88, Gerhardine, Loughney
89, Cathie, Nelsen
90, Gianina, Lowten
91, Murvyn, Sirl
92, Boycey, Grattage
93, Tannie, Pennick
94, Letizia, Hanley
95, Ashely, Raye
96, Kimberley, Halahan
97, Romola, Allan
98, Julienne, Steger
99, Tomaso, McGirr
100, Sherrie, Tittletross
101, Valry, O'Mohun
102, Karl, Ruggieri
103, Morlee, Cattermoul
104, Korey, Szubert
105, Abba, Kleingrub
106, Vinnie, Menear
107, Armstrong, Teece
108, Gusella, Pinkie
109, Cullie, Farrants
110, Patric, Menham
111, Dulcea, Mattisson
112, Bria, Drugan
113, Bastian, Poyser
114, Hank, Latter
115, Oralie, Veelers
116, Brandtr, MacDirmid
117, Ingmar, Moran
118, Lettie, Hellens
119, Brandyn, Moden
120, Giselbert, Wilshire
121, Leena, Klesel
122, Izabel, Dorsey
123, Barbi, Ramsden
124, Leshia, Austwick
125, Timothy, Caret
126, Margaretha, Palfreeman
127, Valentia, Folomkin
128, Juan, Halstead
129, Sheila, Norfolk
130, Flint, Mantle
131, Addi, Cakes
132, Rosanne, Critchley
133, Erny, Lofting
134, Meghan, Pumfrett
135, Michaella, Dovermann
136, Ramon, Le Noire
137, Patti, Symes
138, Ermentrude, Lovegrove
139, Sephira, Jillings
140, Simone, Reder
141, Raynard, Stanlack
142, Wilhelmine, Gircke
143, Michelina, Crady
144, Olympe, Tumini
145, Arel, Bryning
146, Alisun, Wabey
147, Lucia, Ritch
148, Myranda, Sharper
149, Euphemia, Novik
150, Maryrose, Burnsall
151, Althea, Shelly
152, Chrissie, Lenormand
153, Kissiah, Prendiville
154, Guglielma, La Wille
155, Joye, Konzel
156, Alexis, Mellers
157, Dionysus, Dungay
158, Gasper, Nowak
159, Angelita, Vanni
160, Emmalee, Tommis
161, Patrizio, Marte
162, Rodolphe, Gibben
163, Mary, Arnaudin
164, Cello, Seer
165, Vic, Darragh
166, Teddy, Meeke
167, Virgie, Lamy
168, Roth, Jagoe
169, Kare, Snowdon
170, Rubin, Hiley
171, Raymond, Avrahamoff
172, Tobe, Trewhitt
173, Ilise, O'Hallihane
174, El, Jakov
175, Emmett, Brisker
176, Kessiah, Heild
177, Kiah, Kunkler
178, Melodee, Jeafferson
179, Shurlock, Van Halen
180, Harley, Eakins
181, Tobit, Geoghegan
182, Merrill, Andras
183, Yolanda, Iorillo
184, Jeanna, Leander
185, Athene, Mularkey
186, Jessamyn, Laimable
187, Shalom, Mesant
188, Sherrie, Anthona
189, Staci, Ellen
190, Lesly, Benfield
191, Dahlia, Kobierski
192, Claude, Zettler
193, Beryle, Burel
194, Reinaldos, Rivett
195, Flossie, Pender
196, Antoine, Settle
197, Wilek, Crampin
198, Boycey, Medcalf
199, Garik, Derle
200, Inglis, Wenderoth
201, Zared, Dampney
202, Madge, McNalley
203, Dunstan, Swindells
204, Salvidor, Breffit
205, Corette, Flawith
206, Hadria, Gray
207, Tandi, Yarn
208, Bathsheba, Barnson
209, Natasha, Featherbie
210, Robert, Crosscombe
211, Celeste, Errichelli
212, Leland, Phillipson
213, Kally, Leades
214, Reeta, Guarnier
215, Inge, Voules
216, Demetrius, Robson
217, Roobbie, Mingus
218, Jodee, Cleal
219, Eustace, Raikes
220, Thedrick, Paynter
221, Harlin, Kezor
222, Romona, Pacquet
223, Padget, Surridge
224, Olin, Brahmer
225, Charlot, Rymer
226, Yetta, Eydel
227, Clementina, Withnall
228, Dix, Hearl
229, Kale, Zaniolo
230, Denni, Tuffrey
231, Cammy, Giannazzi
232, Annmaria, Denkin
233, Zarah, Ibel
234, Rolf, Ashwin
235, Laurice, Belsham
236, Hedy, Gilston
237, Lillian, Hugnin
238, Eryn, Ivkovic
239, Chelsae, Furst
240, Zolly, Grishanov
241, Trueman, Loughman
242, Blane, Friar
243, Shelton, Dufton
244, Meggie, Fehely
245, Dwight, Kalisz
246, Helaina, Diemer
247, Lewiss, Jephcott
248, Siobhan, Paal
249, Joane, Malter
250, Lynn, Cristofari
251, Opaline, Pears
252, Leo, Ullrich
253, Free, Quinion
254, Tamarah, Mottram
255, Leeann, Terrelly
256, Fredi, Wallbutton
257, Leia, Caslett
258, Barr, Dhillon
259, Zelig, Bascombe
260, Matias, Stepto
261, Grace, Knudsen
262, Bobbe, Cocksedge
263, Fields, Croote
264, Konstantin, Oxton
265, Isaak, Durak
266, Rodrique, Sigars
267, Alvera, Bum
268, Doris, Simoneau
269, Winn, Ledster
270, Andee, MacIntyre
271, Cherie, Hindenburg
272, Niles, Jowle
273, Marten, Pearton
274, Renate, Oen
275, Tiphanie, Speller
276, Adiana, Kitchenside
277, Trefor, Bultitude
278, Norbert, Arthur
279, Chad, Graysmark
280, Margaretha, Peteri
281, Anett, Plowright
282, Fransisco, Bertolin
283, Chandra, O'Spellissey
284, Pammie, Sabati
285, Greg, Jansik
286, Cortie, Andriolli
287, Francisca, Kerwood
288, Vidovic, Loges
289, Daniela, Dron
290, Donni, Adlington
291, Elmore, Basilone
292, Valentine, Kynforth
293, Ethelbert, Keighly
294, Arabelle, Goodge
295, Dun, Basilotta
296, Farr, Founds
297, Tiffanie, Wheater
298, Nana, Madigan
299, Celie, Grimm
300, Abbey, Cristou
301, Thurstan, Crate
302, Elinore, Lohrensen
303, Phyllida, Ratt
304, Vinnie, Bywater
305, Freemon, Dabbs
306, Collin, Gronous
307, Abe, Sondland
308, Vanni, Wines
309, Andrus, Cheevers
310, Randene, Godwin
311, Carlynn, Wagge
312, Gussie, Gusney
313, Roarke, Kingswell
314, Ozzie, Whittle
315, Ange, Lacoste
316, Joaquin, Hinckesman
317, Matteo, Frill
318, Jock, Kasher
319, Fredia, Lapworth
320, Reinhold, Waryk
321, Chantal, Dell'Abbate
322, Livvyy, Dowle
323, Vanya, Cocks
324, Kellen, Bolgar
325, Thorvald, Fenlon
326, Jerry, Jonson
327, Gabbey, Bunclark
328, Siusan, Bestwall
329, Reinald, Burman
330, Jordon, Birkby
331, Fan, Cleghorn
332, Eldridge, Dunston
333, Gwyneth, Eagger
334, Cristie, Van den Velde
335, Dunn, Rispine
336, Lizzy, Fessier
337, Nobie, Chivers
338, Chicky, Moulder
339, Yolande, Sahlstrom
340, Charisse, Powe
341, Agnese, Melton
342, Cristobal, Elcomb
343, Dominic, Colquit
344, Corabelle, Drysdale
345, Esta, Coull
346, Gun, Blakey
347, Crissie, Holston
348, Shermy, Dimitru
349, Lita, Dahl
350, Boris, Raecroft
351, Kial, Limbourne
352, Hamlen, Emblem
353, Janeva, Yitzhak
354, Indira, Darcey
355, Nero, Prue
356, Hillard, Waterhous
357, Emmerich, Fattori
358, Barde, Kanter
359, Kaylee, Devitt
360, Bat, Crafts
361, Orly, Mulberry
362, Jaclin, Sein
363, Ferrell, Hearon
364, Alric, Reuter
365, Irwinn, Corsor
366, Law, Everingham
367, Ronny, McCuish
368, Scarlett, Simak
369, Bidget, Mitroshinov
370, Pate, Lantoph
371, Hestia, Brunini
372, Bride, Pasterfield
373, Lib, Marskell
374, Wendell, McGarel
375, Glenden, Manwell
376, Rutger, Gutcher
377, Gerald, Monkleigh
378, Keven, Sandilands
379, Putnam, Jeavons
380, Emmi, Kenrack
381, Vern, Waterstone
382, Alexandra, Swayland
383, Mel, Krause
384, Foster, Marxsen
385, Adelaide, Bruyet
386, Audie, Ottosen
387, Reece, Milkin
388, Kristel, Flowers
389, Elfreda, Lippitt
390, Boone, Jessard
391, Temp, Esposito
392, Sioux, Wellen
393, Petronella, Smye
394, Dallas, Birchner
395, Duncan, Axston
396, Marguerite, Glowacki
397, Orsa, Galier
398, Eugenia, Straw
399, Winnah, Orrill
400, Deloris, Alenshev
401, Charline, Simkins
402, Wit, Odlin
403, Herb, Jeanet
404, Marita, Geraldo
405, Karie, Abramowitz
406, Phyllis, Gravett
407, Kassie, Ortzen
408, Prudi, Joder
409, Jae, Tracey
410, Hymie, Greenhouse
411, Glennis, Iannuzzelli
412, Clemmy, Tortice
413, Sibbie, Fairham
414, Sue, Grayne
415, See, Druce
416, Bennie, Aspinwall
417, Orsola, Guerro
418, Ingaberg, Whytock
419, Bartie, Sneller
420, Bethany, Espadas
421, Geno, Coniff
422, Nerta, McBrady
423, Brook, Bartoszek
424, Risa, Pope
425, Jacquette, Aldhous
426, Gizela, Sagar
427, Thomasin, Zanuciolii
428, Ardella, Espinel
429, Halie, Spring
430, Noemi, Dober
431, Ernestus, McCrie
432, Gates, Brattan
433, Van, Priel
434, Saundra, Perri
435, Kelly, Rosenfrucht
436, Jeanne, Zambon
437, Serge, Apple
438, Rozina, Leven
439, Emelia, Mainz
440, Piotr, Yewdale
441, Johnathan, Ralling
442, Bernadene, Scones
443, Nikolaos, Matzaitis
444, Tedie, Canedo
445, Kamila, Sandbach
446, Yolande, Colliar
447, Leroy, Demelt
448, Papageno, Juza
449, Steve, Label
450, Lizzie, Simison
451, Hermine, McCreagh
452, Terrijo, Crissil
453, Carlin, Elbourn
454, Stanfield, Crole
455, Sargent, Darlasson
456, Diarmid, Ickowicz
457, Desiree, Pesik
458, Sarge, MacPake
459, Dalenna, Andover
460, Aimee, Trimby
461, Benedicta, Neylon
462, Glynn, Tearny
463, Spike, Casassa
464, Margarethe, Brodie
465, Don, Mylechreest
466, Madelaine, Seifert
467, Arlin, Paliser
468, Melina, Steagall
469, Suki, Burker
470, Penelope, Cornelius
471, Burch, Foyle
472, Valentin, Lavington
473, Emma, Bolesworth
474, Ofelia, Mobberley
475, Benni, Storer
476, Bernardina, Geke
477, Wat, Defrain
478, Berni, Lamble
479, Wynne, Disbury
480, Win, Feehily
481, Hart, Parr
482, Jedediah, Pinney
483, Portie, Leppo
484, Hallie, Ambroix
485, Colver, Howick
486, Artie, Grimmolby
487, Rebecka, Restill
488, Cloe, McGrayle
489, Alva, Rowling
490, Cyndie, Gorce
491, Cordelie, Iglesias
492, Curcio, Guilder
493, Marietta, Habbijam
494, Wendi, Greves
495, Bran, McCallam
496, Lionello, McGaffey
497, Christie, Scorey
498, Honey, Whitten
499, Orelee, Dulton
500, Tracee, Marrington
501, Madelle, Orable
502, Hanni, Cathel
503, Gwenora, O' Cuolahan
504, Blair, Challice
505, Cheryl, Martine
506, Ibby, Baudasso
507, Vicki, Killock
508, Frankie, Robathon
509, Wallie, Copland
510, Davin, Boak
511, Devon, Boggis
512, Weider, Penhalurick
513, Patrizia, Reisin
514, Michal, Maps
515, Marybelle, Larby
516, Corrine, Concklin
517, Catina, Huge
518, Carlye, Tybalt
519, Gertrud, Paulitschke
520, Allin, Emson
521, Agnola, Swyre
522, Hadleigh, Bollen
523, Stavros, Ginnelly
524, Grannie, Penketh
525, Roshelle, Fownes
526, Ethelin, Tombleson
527, Frasquito, Foan
528, Andrea, Brumfitt
529, Rusty, Thursby
530, Ursula, Rockingham
531, Tammi, Lenz
532, Mitchael, Beat
533, Hagen, Stokell
534, Alix, Foucar
535, Rosabel, Ostick
536, Virge, Conway
537, Binnie, Gason
538, Chandra, Lillie
539, Rosabel, Dunne
540, Corrie, Hasker
541, Toni, Marcos
542, Lynn, Pala
543, Joey, Ruckert
544, Orion, Lysons
545, Perle, Thying
546, Elmer, Iacobo
547, Adelbert, Wallas
548, Georgiana, Lorking
549, Brooks, Mumbey
550, Kerrill, Castelluzzi
551, Ida, Bitterton
552, Christian, Magee
553, Nealson, Louthe
554, Timi, Athelstan
555, Dolorita, Cottage
556, Nobe, Hars
557, Hilliary, Goodoune
558, Boonie, Redish
559, Claribel, Cundict
560, Faye, Connett
561, Holly-anne, Robardet
562, Caritta, Worthing
563, Donna, Zanre
564, Ginevra, Barnham
565, Geri, Spottiswood
566, Wynne, Meechan
567, Jere, Eddis
568, Agneta, Cumberbatch
569, Elvira, Quilkin
570, Grete, Whacket
571, Kellsie, Tight
572, Amby, McIlwraith
573, Traci, Ching
574, Vern, Cleall
575, Laurent, Yegorshin
576, Philippine, Dodman
577, Matthew, Hugill
578, Melisandra, Ernke
579, Barnard, Rickword
580, Daron, Snarie
581, Pat, Stihl
582, Nataline, O'Dowd
583, Gabe, Meas
584, Roseanne, Beldan
585, Skipton, Breyt
586, Brier, Nickless
587, Hogan, Alishoner
588, Giorgio, Harback
589, Gayler, Noden
590, Tess, Warre
591, Chaim, Ludlom
592, Bernadette, Frenzl
593, Jamima, Denisot
594, Urson, Broy
595, Dicky, Giraudel
596, Francesca, Saffle
597, Robbyn, Straffon
598, Orelee, Rylands
599, Tod, Pearn
600, Chrisse, Pache
601, Eadmund, Swinbourne
602, Rachael, Hellen
603, Vita, Bissill
604, Ned, Erdely
605, Adrea, Stivani
606, Orrin, Faber
607, Susi, Verni
608, Ami, Kolakovic
609, Demetra, Gorioli
610, Sibylla, Bollom
611, Craig, Gutteridge
612, Bren, McCane
613, Sara, Hegley
614, Willetta, Raatz
615, Jessie, Fossett
616, Dannel, Fumagalli
617, Izaak, Eake
618, Randolph, Rykert
619, Dorey, Eddisford
620, Wakefield, Balfe
621, Kyla, Hiseman
622, Jasen, Preshous
623, Romain, Chadwen
624, Torre, O'Sheeryne
625, Reggie, Barock
626, Burch, Easman
627, Creight, Muckleston
628, Simone, Gravenall
629, Frayda, Coxon
630, Marijo, Iannuzzelli
631, Concordia, O'Cahill
632, Andie, Murray
633, Kelbee, Clawson
634, Vin, Blase
635, Gaspar, Seleway
636, Tana, Suett
637, Ingunna, Frude
638, Othello, Huchot
639, Ellis, McGavin
640, Bernita, Mangenet
641, Marlo, Mozzini
642, Essa, Wheeler
643, Andriette, Zucker
644, Connie, Gerok
645, Silvio, Rozenbaum
646, Nadine, Farnill
647, Marion, Quigley
648, Calvin, Scandrick
649, Cecelia, Scutt
650, Tilda, Patterfield
651, Zahara, Cuppleditch
652, Abagael, Levett
653, Aurlie, Mc Gee
654, Curcio, Winchurst
655, Emmott, Castellan
656, Parry, Cosford
657, Lianne, Dwelley
658, Valma, Halden
659, Bruis, Stopher
660, Ruggiero, Dunkinson
661, Giselle, Jinkinson
662, Susie, Fawlks
663, Hailee, Silwood
664, Mattheus, Johnson
665, Al, Joselevitz
666, Mitch, Mayman
667, Jackquelin, Brokenshire
668, Ring, MacCathay
669, Nicolette, Qualtrough
670, Albertina, Tills
671, Burk, Deuss
672, Leah, Senior
673, Colin, Pierton
674, Karlis, Dinnage
675, Amalle, Matis
676, Danna, Deniset
677, Calida, Pinke
678, Karlen, Jorgesen
679, Tybalt, Goracci
680, Yard, Brenneke
681, Amii, Rable
682, Waldo, Filby
683, Brietta, Ebbin
684, Thaddeus, Hurll
685, Corri, Nortunen
686, Jerrome, Carryer
687, Melina, Slader
688, Tilda, Castello
689, Bertrando, Trewhitt
690, Bobby, McLaggan
691, Svend, Fleckno
692, Tiphani, Wiggam
693, Anjela, Schnitter
694, Davidson, Noell
695, Stavro, Dunks
696, Norri, Thumim
697, Pepita, Bilt
698, Kata, Bernat
699, Osmond, Vaughton
700, Jennette, Settle
701, Lane, Cripps
702, Arabele, Gurden
703, Dolley, Piesing
704, Berty, Rickman
705, Arron, Stigell
706, Daisey, Sapsed
707, Myra, O'Cleary
708, Daryl, Ecles
709, Anthea, Lovett
710, Shell, Philippault
711, Lena, Angelini
712, Netti, Stovold
713, Barnie, Emanuele
714, Brinn, Librey
715, Neil, Duberry
716, Kevon, Foux
717, Andi, Suthworth
718, Dur, Tonbridge
719, Etta, Michel
720, Liva, Yesichev
721, Hy, Jearum
722, Tommie, Le Estut
723, Layla, Castillo
724, Cherish, Kenewel
725, Gillan, Eatherton
726, Grace, Dober
727, Zilvia, Kielty
728, Carolee, Rego
729, Idell, Scopyn
730, Katlin, Raisher
731, Joli, Holson
732, Laura, Kob
733, Alika, Chadburn
734, Bette, Kaszper
735, Fonzie, O' Mullan
736, Bondy, Lukacs
737, Orly, Espinas
738, Andrej, Garton
739, Alric, Noir
740, Prentiss, Brymham
741, Edita, Thurling
742, Donica, Sixsmith
743, Audrie, Darington
744, Marijn, Lude
745, Neilla, Maccrie
746, Tallulah, Gudyer
747, Gregor, Mariette
748, Kellie, Dommett
749, Clementius, Queyeiro
750, Randa, Denerley
751, Trude, Border
752, Gilli, Ledford
753, Herb, Ortelt
754, Cliff, Ciric
755, Halette, Blasing
756, Savina, Shekle
757, Stephanus, Roggeman
758, Minda, Pareman
759, Kasper, Gueinn
760, Adriana, Featherstonehaugh
761, Seline, Simoneton
762, Dominik, Ebbage
763, Derby, Ackwood
764, Clio, Spellissy
765, Zsazsa, Gallihaulk
766, Ashley, Dumpleton
767, Wittie, Hanniger
768, Mickie, Iglesias
769, Minor, Diperaus
770, Bonnibelle, South
771, Bibbie, Dowden
772, Huberto, Shingfield
773, Cyril, Farrin
774, Cully, Filkin
775, Robbie, Tunney
776, Juliette, Blewitt
777, Elayne, Cammoile
778, Augustine, Mackro
779, Charmain, Fugere
780, Hewie, Dudny
781, Ulberto, Babinski
782, Georgena, Lobe
783, Harman, Sizland
784, Adolph, Musso
785, Royce, O' Connell
786, Shellie, Chandlar
787, Dene, Rice
788, Ashby, Sherburn
789, Hestia, Billings
790, Massimiliano, Torrent
791, Lucais, Kenyon
792, Vito, Stonhard
793, Devonna, Lehrer
794, Imogen, Wrack
795, Silas, Keasey
796, Shurlock, MacKeig
797, Korella, Southeran
798, Glenda, Wogan
799, Blythe, Van Ross
800, Zia, Luck
801, Wildon, Mackness
802, Francene, Demann
803, West, Tinman
804, Roi, Eydel
805, Casar, Haldene
806, Calley, Castellucci
807, Haley, Codi
808, Web, Mettrick
809, Manny, Hubbold
810, Debi, Mickleborough
811, Homere, Kobpac
812, Thekla, Goodlip
813, Ruddie, Shieber
814, Patten, Scouse
815, Joanne, Fishpool
816, Saul, Durnell
817, Camel, Wathen
818, Emlyn, Lathan
819, Bab, Franceschi
820, Graehme, Osbourne
821, Rey, Obington
822, Kristal, Husthwaite
823, Jerrome, Schumacher
824, Leisha, Calken
825, Edeline, Bragge
826, Rodney, Grimshaw
827, Hadrian, Stevens
828, Wayland, Edmand
829, Kali, Riddler
830, Gregoire, Oven
831, Spence, Kenningham
832, Robby, Corkett
833, Janeczka, Goadsby
834, Ricardo, Stringman
835, Elicia, Golbourn
836, Smitty, Payze
837, Olga, Westfalen
838, Dimitri, Aldie
839, Siana, Karlolczak
840, Issie, Walentynowicz
841, Lory, Teacy
842, Evered, Ida
843, Orsola, Mabson
844, Wilhelmina, MacBarron
845, Finn, Welden
846, Hildy, Darnody
847, Mala, Ingarfield
848, Eleonore, Shackesby
849, Ax, Darlow
850, Josey, De Filippo
851, Sarena, Matuschek
852, Elvina, Carefull
853, Bartlett, Comer
854, Tedd, Sone
855, Oliviero, Emeline
856, Merrick, Terbruggen
857, Burtie, Longthorne
858, Kennett, Esparza
859, Karlotte, Wolsey
860, Renate, Le Grice
861, Sarajane, Buttrick
862, Georgie, Garralts
863, Perice, Records
864, Tore, Haruard
865, Nicoli, Footer
866, Tallie, Haward
867, Cyndi, Topham
868, Melisse, Doag
869, Edie, Domniney
870, Tuckie, Cholton
871, Micah, Davio
872, Pate, MacCole
873, Fay, Bollen
874, Josselyn, Casterou
875, Billie, Popplestone
876, Haskell, Dimmick
877, Arlie, Tumility
878, Brana, Welden
879, Shelden, Bennison
880, Felicdad, Tunn
881, Washington, Garmanson
882, Lynnette, Matashkin
883, Cosette, Aksell
884, Corilla, Cadany
885, Myrtle, Faulks
886, Scotty, Folk
887, Marge, Stolli
888, Jarid, Cornely
889, Tallulah, Gratten
890, Cristen, Cartwight
891, Benny, Berceros
892, Barbi, Crippin
893, Karin, Cameli
894, Alexi, Halpen
895, Avrit, Cudbertson
896, Broddy, Tremouille
897, Benjie, Rumsey
898, Bethanne, Smullen
899, Cariotta, Gratton
900, Marta, Ibbott
901, Alayne, Tonkinson
902, Grata, Bachellier
903, Viviene, Sepey
904, Vilma, Mcimmie
905, Tresa, Rean
906, Bary, Buckam
907, Goraud, Curtayne
908, Yoshiko, Warr
909, Clemmy, Salkild
910, Ki, Laugharne
911, Vidovic, Tavernor
912, Germayne, Maciaszek
913, Thorndike, Awcoate
914, Cassie, Emmet
915, Rich, Gilbart
916, Roana, Leeman
917, Andi, Berringer
918, Farah, Adne
919, Ann-marie, Paradin
920, Pinchas, McDermott
921, Stevana, Butterfint
922, Ynez, Koeppke
923, Estrellita, Kinglesyd
924, Sheila-kathryn, Della Scala
925, Sauncho, Whapham
926, Samara, Bury
927, Trixi, Dyment
928, Rusty, Agus
929, Masha, Ricco
930, Lawton, Gallichan
931, Jackie, Wills
932, Minnaminnie, Dominiak
933, Cassaundra, Shevels
934, Delmore, Tape
935, Gilly, Brittlebank
936, Justinian, Roydon
937, Kitti, Siemandl
938, Sheila, Allatt
939, Brittan, Stanford
940, Stanford, Jerche
941, Matthew, Lansley
942, Elsa, Furley
943, Dominga, Gillmore
944, Danila, Bundy
945, Kalil, Jarrold
946, Rici, Dash
947, Chip, Callicott
948, Seline, Davenport
949, Aidan, Clifforth
950, Marthe, Widdison
951, Tadd, Kubis
952, Cletus, Priddey
953, Quintin, Keetley
954, Les, Penhalewick
955, Artus, Biddlecombe
956, Marcella, Duetschens
957, Damian, Crosscombe
958, Virginie, Tyndall
959, Jemie, Bernardot
960, Cherin, Murrell
961, Nahum, Bowes
962, Lynnell, Auchterlonie
963, Rem, Dust
964, Luis, Wringe
965, Felicle, Haswell
966, Tresa, O'Kinneally
967, Richmound, Choffin
968, Ermina, Rizzi
969, Forbes, Alan
970, Bertha, Tooth
971, Sergei, Salt
972, Karlik, Darbyshire
973, Marna, O' Driscoll
974, Wendell, Klessmann
975, Perle, Gilliat
976, Tally, Wilhelmy
977, Garwood, Trusslove
978, Maxim, McMakin
979, Dorie, Ragge
980, Aimee, Biddlestone
981, Shay, Jendrich
982, Annis, Soonhouse
983, Magdalen, Chatelain
984, Dell, Taggert
985, Rachel, Botterell
986, Marla, Furtado
987, Delmar, Keggin
988, Maud, Reimer
989, Nat, Craythorne
990, Caddric, des Remedios
991, Becka, Maggi
992, Wait, Pentecost
993, Saundra, Conre
994, Nikolia, Osipov
995, Danette, Guyot
996, Dorey, Whyke
997, Allix, Skegg
998, Lissi, Swyre
999, Hussein, Fawloe
1000, Maurizia, Courtman